{
"width": 6240, "height": 4160,
"format": "jpg",
"pixelSizeInMM": 0.0691402,
"type":"ptm",
"colorspace":"rgb",
"lights": [0.022, 0.419, 0.908, 0.265, 0.288, 0.920, 0.402, 0.041, 0.915, 0.325, -0.293, 0.899, -0.008, -0.483, 0.875, -0.384, -0.321, 0.866, -0.480, 0.063, 0.875, -0.285, 0.352, 0.892, 0.205, 0.486, 0.849, 0.489, 0.252, 0.835, 0.522, -0.161, 0.838, 0.274, -0.526, 0.805, -0.289, -0.589, 0.755, -0.639, -0.176, 0.749, -0.518, 0.333, 0.788, -0.176, 0.536, 0.826, 0.044, 0.651, 0.758, 0.438, 0.473, 0.764, 0.655, 0.081, 0.752, 0.570, -0.448, 0.689, 0.030, -0.769, 0.639, -0.630, -0.493, 0.599, -0.764, 0.136, 0.631, -0.425, 0.568, 0.705, 0.293, 0.684, 0.668, 0.666, 0.347, 0.660, 0.773, -0.189, 0.605, 0.451, -0.729, 0.514, -0.384, -0.842, 0.380, -0.883, -0.197, 0.427, -0.686, 0.483, 0.543, -0.207, 0.752, 0.625, 0.076, 0.852, 0.517, 0.564, 0.620, 0.546, 0.847, 0.158, 0.507, 0.768, -0.501, 0.398, 0.102, -0.976, 0.191, -0.779, -0.616, 0.115, -0.922, 0.248, 0.298, -0.476, 0.750, 0.460, 0.362, 0.833, 0.419, 0.790, 0.454, 0.412, 0.944, -0.135, 0.301, 0.598, -0.794, 0.105, -0.400, -0.913, 0.080, -0.989, -0.146, 0.025, -0.989, -0.145, 0.041],
"nplanes": 18,
"quality": 95,
"materials": [
{
 "scale": [1.31166,1.16597,1.15886,1.07891,1.06956,1.10526,1.14841,1.1384,1.13769,1.59975,1.47049,1.45866,1.60749,1.51681,1.59057,1.88681,1.78626,1.63132],
 "bias": [0.0633718,0.0733641,0.0784156,0.517187,0.516566,0.525133,0.514802,0.514112,0.506716,0.751612,0.718953,0.647633,0.483914,0.502867,0.494738,0.736084,0.719849,0.690338] }
]
}
