{
"width": 6240, "height": 4160,
"format": "jpg",
"pixelSizeInMM": 0.0528042,
"type":"ptm",
"colorspace":"rgb",
"lights": [-0.057, 0.418, 0.907, 0.299, 0.235, 0.925, 0.384, -0.137, 0.913, 0.205, -0.418, 0.885, -0.073, -0.485, 0.871, -0.345, -0.359, 0.867, -0.455, -0.082, 0.887, -0.387, 0.207, 0.899, 0.156, 0.473, 0.867, 0.570, 0.078, 0.818, 0.416, -0.404, 0.814, 0.093, -0.592, 0.800, -0.280, -0.536, 0.796, -0.527, -0.296, 0.797, -0.582, 0.090, 0.808, -0.362, 0.426, 0.829, -0.180, 0.658, 0.731, 0.519, 0.437, 0.735, 0.672, -0.265, 0.691, 0.669, -0.267, 0.693, 0.295, -0.655, 0.695, -0.135, -0.704, 0.698, -0.494, -0.501, 0.711, -0.692, -0.138, 0.709, -0.634, 0.317, 0.705, 0.185, 0.800, 0.570, 0.836, 0.067, 0.545, 0.568, -0.611, 0.551, 0.080, -0.803, 0.591, -0.381, -0.709, 0.593, -0.685, -0.401, 0.609, -0.802, 0.080, 0.591, -0.568, 0.586, 0.578, -0.371, 0.863, 0.343, 0.739, 0.623, 0.257, 0.847, -0.401, 0.349, 0.318, -0.852, 0.416, -0.199, -0.860, 0.469, -0.598, -0.631, 0.494, -0.848, -0.203, 0.489, -0.831, 0.340, 0.440, 0.112, 0.994, 0.014, 1.000, -0.008, 0.013, 0.599, -0.779, 0.187, 0.037, -0.955, 0.294, -0.447, -0.819, 0.359, -0.791, -0.478, 0.383, -0.946, 0.035, 0.323],
"nplanes": 18,
"quality": 95,
"materials": [
{
 "scale": [0.816065,0.806002,0.832484,0.939957,0.933158,0.946198,0.910558,0.894825,0.907177,1.13441,1.08721,1.15188,1.28905,1.25865,1.31093,1.07013,1.03172,1.10237],
 "bias": [0.0762889,0.0792626,0.0789523,0.451635,0.450834,0.43445,0.45173,0.45743,0.465523,0.626305,0.61556,0.617593,0.447265,0.448723,0.438004,0.620285,0.609868,0.613226] }
]
}
