{
"width": 6240, "height": 4160,
"format": "jpg",
"pixelSizeInMM": 0.070018,
"type":"ptm",
"colorspace":"rgb",
"lights": [0.040, 0.241, 0.970, 0.339, 0.164, 0.926, 0.487, -0.113, 0.866, 0.307, -0.490, 0.816, -0.020, -0.613, 0.790, -0.288, -0.442, 0.850, -0.349, -0.162, 0.923, -0.217, 0.108, 0.970, 0.204, 0.359, 0.911, 0.543, 0.201, 0.815, 0.584, -0.341, 0.736, 0.171, -0.684, 0.709, -0.283, -0.618, 0.734, -0.462, -0.323, 0.826, -0.388, 0.073, 0.919, -0.154, 0.308, 0.939, -0.017, 0.480, 0.877, 0.422, 0.445, 0.790, 0.741, 0.030, 0.671, 0.510, -0.660, 0.551, -0.168, -0.798, 0.579, -0.512, -0.482, 0.710, -0.570, -0.070, 0.819, -0.377, 0.299, 0.877, 0.199, 0.612, 0.765, 0.659, 0.409, 0.632, 0.867, -0.286, 0.408, 0.169, -0.922, 0.349, -0.490, -0.706, 0.511, -0.688, -0.250, 0.681, -0.582, 0.199, 0.789, -0.275, 0.502, 0.820, -0.099, 0.685, 0.721, 0.438, 0.675, 0.593, 0.890, 0.278, 0.363, 0.660, -0.750, 0.037, -0.347, -0.918, 0.190, -0.744, -0.465, 0.480, -0.752, 0.035, 0.658, -0.501, 0.446, 0.742, 0.126, 0.817, 0.563, 0.680, 0.648, 0.342, 0.996, -0.054, 0.071, 0.027, -0.993, 0.113, -0.709, -0.682, 0.179, -0.864, -0.171, 0.473, -0.717, 0.322, 0.618, -0.380, 0.664, 0.644],
"nplanes": 18,
"quality": 95,
"materials": [
{
 "scale": [1.17857,1.15152,1.15143,1.11394,1.08904,1.12546,1.22146,1.20398,1.18074,1.71633,1.69674,1.66995,1.65345,1.65346,1.57318,1.77065,1.71615,1.6745],
 "bias": [0.0920598,0.0922895,0.101996,0.44674,0.445361,0.43766,0.509938,0.528798,0.539404,0.641853,0.635021,0.637158,0.485117,0.48839,0.467563,0.696932,0.696674,0.708336] }
]
}
